provider_id,provider_name,provider_specialty,provider_state,join_date,churn_date,provider_status,accepts_insurance,total_sessions,approved_sessions,denied_sessions,claim_approval_rate,total_billed,total_reimbursed,avg_days_to_pay,first_session_date,last_session_date,days_active_before_churn
1,Allison Hill,Depression,NY,2024-10-08,,active,True,84,76,8,0.9048,15080.370000000003,9477.179999999998,15.342105263157896,2024-01-21,2025-12-27,
2,Noah Rhodes,Depression,PA,2025-07-12,2025-11-03,churned,False,59,53,6,0.8983,10129.87,6269.6,17.962264150943398,2024-05-15,2025-12-31,114
3,Angie Henderson,Depression,CA,2025-06-01,,active,True,103,92,11,0.8932,17358.60000000001,10847.85,11.793478260869565,2024-02-11,2025-12-28,
4,Daniel Wagner,LGBTQ+ Affirming,CA,2025-08-26,,active,True,39,36,3,0.9231,6320.390000000001,4001.98,13.13888888888889,2024-04-27,2025-10-18,
5,Cristian Santos,Trauma & PTSD,PA,2024-12-14,,active,True,59,50,9,0.8475,9399.039999999999,5599.720000000001,16.3,2024-01-15,2025-11-20,
6,Connie Lawrence,Substance Use,NY,2025-01-24,2025-09-17,churned,True,66,61,5,0.9242,11499.380000000003,7474.42,12.836065573770492,2024-01-28,2025-12-29,236
7,Abigail Shaffer,Anxiety & Stress,NJ,2025-07-03,,active,True,123,117,6,0.9512,20773.760000000006,13966.219999999996,15.555555555555555,2024-01-20,2025-12-30,
8,Gina Moore,Depression,FL,2025-10-05,,active,True,77,72,5,0.9351,12921.499999999995,8547.319999999998,14.694444444444445,2024-05-16,2025-12-26,
9,Gabrielle Davis,Couples Therapy,PA,2024-02-16,,active,True,64,59,5,0.9219,11357.47,7593.489999999999,14.474576271186441,2024-02-11,2025-12-30,
10,Ryan Munoz,Depression,MA,2024-04-13,,active,True,95,91,4,0.9579,16075.400000000007,10943.749999999993,14.593406593406593,2024-01-19,2025-12-30,
11,Monica Herrera,Substance Use,NY,2024-12-29,,active,True,86,75,11,0.8721,14759.880000000001,8703.109999999999,14.866666666666667,2024-05-27,2025-11-16,
12,Jamie Arnold,Depression,IL,2024-06-24,,active,True,121,110,11,0.9091,20570.850000000006,13079.270000000008,14.790909090909091,2024-03-18,2025-12-29,
13,Lisa Hensley,Grief & Loss,TX,2025-10-17,,active,True,57,55,2,0.9649,9928.679999999997,6563.049999999998,12.236363636363636,2024-01-03,2025-12-17,
14,Michele Williams,Substance Use,MA,2024-02-27,,active,False,69,64,5,0.9275,11679.37,7565.930000000001,14.828125,2024-03-01,2025-10-02,
15,Dylan Miller,Substance Use,TX,2024-03-08,,active,True,78,67,11,0.859,13208.330000000002,7832.260000000001,13.970149253731343,2024-04-06,2025-09-18,
16,Brian Ramirez,Substance Use,CA,2025-05-26,,active,True,49,45,4,0.9184,8144.570000000002,5126.629999999999,15.044444444444444,2024-05-18,2025-08-23,
17,Holly Wood,Grief & Loss,NY,2024-05-22,,active,True,37,36,1,0.973,6592.620000000001,4621.540000000002,13.277777777777779,2024-03-29,2025-10-02,
18,Derek Zuniga,Child & Adolescent,NJ,2025-03-14,,active,True,68,59,9,0.8676,11451.010000000002,6971.4900000000025,11.745762711864407,2024-07-18,2025-12-31,
19,Lisa Jackson,Couples Therapy,NC,2024-05-21,,active,True,59,50,9,0.8475,10138.220000000001,5975.18,16.52,2024-02-01,2025-12-30,
20,Carla Gray,Anxiety & Stress,MA,2024-06-05,,active,True,77,69,8,0.8961,13162.26,8302.84,13.91304347826087,2024-01-08,2025-12-18,
21,Margaret Hawkins DDS,LGBTQ+ Affirming,IL,2025-01-29,,active,True,38,37,1,0.9737,6546.11,4498.66,9.702702702702704,2024-02-10,2025-10-09,
22,Patty Perez,Child & Adolescent,NC,2024-01-12,,active,True,75,67,8,0.8933,12880.6,8326.419999999998,13.701492537313433,2024-01-25,2025-09-30,
23,Ethan Adams,Child & Adolescent,NJ,2024-12-14,2025-09-22,churned,True,79,72,7,0.9114,13131.490000000003,8260.879999999997,13.98611111111111,2024-04-10,2025-12-29,282
24,Tommy Walter,Anxiety & Stress,CO,2024-09-26,,active,True,130,123,7,0.9462,22232.85,14707.56,13.666666666666666,2024-01-16,2025-12-31,
25,Matthew Foster,Depression,MA,2024-11-01,,active,True,148,135,13,0.9122,25371.519999999993,16226.17,15.355555555555556,2024-01-23,2025-12-29,
26,Judy Baker,Couples Therapy,NY,2024-06-14,,active,True,27,25,2,0.9259,4632.520000000001,3049.8799999999997,12.64,2024-06-23,2025-12-28,
27,Justin Baker,Anxiety & Stress,IL,2025-05-15,2025-10-14,churned,True,135,131,4,0.9704,22720.830000000005,15025.710000000001,15.099236641221374,2024-01-16,2025-12-25,152
28,Stephanie Ross,Child & Adolescent,CA,2024-09-03,,active,True,84,77,7,0.9167,13785.469999999998,8922.499999999998,15.896103896103897,2024-01-27,2025-12-28,
29,Zachary Hicks,Depression,NJ,2024-03-11,,active,True,149,131,18,0.8792,24932.65000000001,15632.169999999987,15.396946564885496,2024-01-11,2025-12-31,
30,Anthony Rodriguez,Trauma & PTSD,NY,2025-05-01,,active,True,116,106,10,0.9138,18885.56,12094.500000000002,14.764150943396226,2024-02-17,2025-12-29,
31,Rebecca Henderson,LGBTQ+ Affirming,CO,2025-07-06,,active,True,69,65,4,0.942,11701.13,7697.75,14.061538461538461,2024-02-08,2025-12-26,
32,James Ferrell,Child & Adolescent,TX,2025-11-18,,active,True,59,57,2,0.9661,10046.78,6646.600000000001,14.140350877192983,2024-02-19,2025-12-29,
33,Tricia Valencia,Grief & Loss,NY,2024-08-18,2024-10-27,churned,True,25,23,2,0.92,4187.56,2785.77,14.565217391304348,2024-03-16,2025-08-31,70
34,Nathan Maldonado,Couples Therapy,IL,2024-01-08,2025-12-14,churned,False,57,51,6,0.8947,9648.739999999998,6077.169999999996,17.45098039215686,2024-01-06,2025-11-19,706
35,Debra Davidson,Depression,GA,2024-12-04,2025-06-03,churned,True,48,44,4,0.9167,8208.4,5316.239999999999,12.613636363636363,2024-02-28,2025-12-25,181
36,Jeffrey Chavez,Grief & Loss,CA,2024-05-15,,active,True,26,21,5,0.8077,4721.780000000001,2608.67,16.428571428571427,2024-07-10,2025-09-20,
37,Sherri Baker,Grief & Loss,CA,2025-04-29,,active,True,48,44,4,0.9167,8216.560000000001,5400.699999999998,14.795454545454545,2024-01-24,2025-12-30,
38,Cassandra Gaines,Depression,PA,2024-12-28,,active,True,72,65,7,0.9028,11866.930000000008,7583.69,9.6,2024-05-22,2025-12-30,
39,Elizabeth Fowler,Anxiety & Stress,PA,2025-10-23,2025-12-28,churned,True,128,114,14,0.8906,21862.56000000001,13736.940000000002,10.956140350877194,2024-01-25,2025-12-31,66
40,Brittany Farmer,Depression,CA,2024-07-13,,active,True,66,62,4,0.9394,11309.390000000001,7453.52,14.758064516129032,2024-01-24,2025-11-14,
41,Paula Moreno,Trauma & PTSD,CA,2024-09-12,,active,False,42,39,3,0.9286,7473.8099999999995,4971.980000000001,15.076923076923077,2024-03-24,2025-11-02,
42,Fred Smith,Depression,NY,2025-07-07,,active,True,98,91,7,0.9286,16325.880000000001,10512.800000000003,15.637362637362637,2024-06-12,2025-12-27,
43,Sherry Decker,Couples Therapy,NY,2025-05-12,,active,True,62,55,7,0.8871,10982.72,6963.510000000002,16.0,2024-03-23,2025-08-04,
44,Anthony Humphrey,Anxiety & Stress,NY,2024-01-03,,active,True,92,82,10,0.8913,15376.429999999991,9580.83,16.609756097560975,2024-03-12,2025-12-21,
45,Angelica Tucker,Grief & Loss,CA,2025-07-23,,active,True,39,34,5,0.8718,6860.620000000001,4353.669999999999,17.58823529411765,2024-01-29,2025-11-11,
46,Philip Cannon,Couples Therapy,CA,2024-02-29,,active,True,70,60,10,0.8571,11659.029999999997,6810.630000000001,16.75,2024-01-29,2025-12-02,
47,John Pierce,Substance Use,NY,2025-08-21,,active,True,79,75,4,0.9494,13083.79,8737.340000000002,13.866666666666667,2024-01-18,2025-10-17,
48,Shane Henderson,Trauma & PTSD,NY,2025-06-04,2025-09-19,churned,False,83,78,5,0.9398,13892.850000000002,9244.480000000001,14.602564102564102,2024-01-14,2025-11-08,107
49,Joshua Blair,Depression,PA,2024-08-28,,active,True,110,102,8,0.9273,18554.04,12009.990000000007,14.57843137254902,2024-01-30,2025-12-29,
50,Eric Carney,Couples Therapy,IL,2024-02-10,,active,True,115,100,15,0.8696,19676.969999999998,11942.630000000001,15.09,2024-03-23,2025-12-24,
51,Jessica Holmes,Substance Use,CO,2024-07-28,,active,True,44,35,9,0.7955,7521.460000000003,4181.49,19.428571428571427,2024-02-08,2025-11-08,
52,Danny Morgan,Child & Adolescent,TX,2025-11-18,,active,True,91,86,5,0.9451,15092.509999999995,9919.179999999998,16.848837209302324,2024-01-19,2025-11-19,
53,Crystal Robinson,Depression,NY,2025-09-28,,active,True,130,118,12,0.9077,21916.49,13559.860000000002,16.296610169491526,2024-01-11,2025-12-25,
54,Mark Perez,Depression,FL,2025-06-02,,active,True,122,108,14,0.8852,21417.629999999997,13460.590000000002,13.185185185185185,2024-02-17,2025-12-27,
55,Shannon Jones,Depression,MA,2025-01-13,,active,True,130,124,6,0.9538,22193.279999999988,14526.329999999996,14.588709677419354,2024-03-03,2025-12-29,
56,Michael Lewis,Child & Adolescent,IL,2025-10-31,,active,True,50,47,3,0.94,8330.17,5545.580000000001,13.46808510638298,2024-01-22,2025-11-30,
57,Timothy Duncan,Child & Adolescent,CO,2024-04-16,,active,True,98,92,6,0.9388,16448.21,10704.24,12.73913043478261,2024-02-09,2025-10-06,
58,Richard Aguirre,Depression,GA,2025-07-20,,active,True,104,93,11,0.8942,17632.989999999994,11036.300000000005,16.086021505376344,2024-02-10,2025-12-24,
59,Brent Jordan,Couples Therapy,NJ,2024-07-27,,active,True,47,43,4,0.9149,7677.200000000001,4774.129999999999,12.418604651162791,2024-01-11,2025-12-27,
60,John Daniel,Grief & Loss,CA,2024-02-22,2025-06-29,churned,True,38,34,4,0.8947,6373.11,4068.510000000001,15.441176470588236,2024-02-23,2025-12-28,493
61,Victoria Garcia,Anxiety & Stress,NY,2024-05-13,,active,True,104,94,10,0.9038,17567.900000000005,11256.180000000002,16.180851063829788,2024-01-19,2025-12-27,
62,Gerald Hensley,Grief & Loss,FL,2025-03-13,,active,True,43,33,10,0.7674,7237.300000000001,3806.15,14.333333333333334,2024-01-11,2025-12-31,
63,Connor West,Trauma & PTSD,FL,2025-01-13,,active,True,78,70,8,0.8974,13167.390000000003,8523.879999999997,16.285714285714285,2024-01-15,2025-12-29,
64,Donald Wright,Trauma & PTSD,NY,2025-01-08,,active,True,108,99,9,0.9167,18386.100000000006,11852.770000000002,14.252525252525253,2024-01-18,2025-12-29,
65,Jessica Callahan,Anxiety & Stress,GA,2024-08-03,,active,True,155,142,13,0.9161,25866.91,16769.5,16.288732394366196,2024-01-20,2025-12-28,
66,Amber Kidd,Substance Use,WA,2025-02-20,,active,True,40,37,3,0.925,6809.089999999997,4408.79,9.08108108108108,2024-02-02,2025-12-28,
67,Tracy House,Couples Therapy,MA,2024-06-30,,active,False,58,54,4,0.931,9939.959999999995,6387.409999999997,14.444444444444445,2024-08-19,2025-12-28,
68,Carol Tucker,Substance Use,WA,2025-02-25,,active,True,52,46,6,0.8846,8425.250000000002,5294.469999999999,16.67391304347826,2024-04-27,2025-12-26,
69,James Brown,Couples Therapy,CA,2024-04-20,,active,False,66,57,9,0.8636,11551.279999999999,6996.699999999999,16.280701754385966,2024-01-16,2025-12-31,
70,William Baker,Grief & Loss,CA,2025-04-16,,active,True,3,3,0,1.0,582.51,426.93,13.333333333333334,2024-02-01,2024-10-29,
71,Jordan Henderson,Couples Therapy,CA,2025-11-06,,active,True,105,95,10,0.9048,17519.549999999996,10940.639999999998,13.31578947368421,2024-04-22,2025-12-10,
72,Whitney Peters,Depression,CO,2024-10-12,,active,True,86,79,7,0.9186,14497.21,9346.500000000002,16.265822784810126,2024-02-05,2025-11-27,
73,Brittney Phillips,Substance Use,CO,2024-04-28,,active,True,72,64,8,0.8889,12155.170000000004,7622.950000000001,16.28125,2024-01-25,2025-12-31,
74,Lauren Daniels,Child & Adolescent,NY,2025-09-02,,active,True,75,66,9,0.88,13225.259999999998,8145.02,14.954545454545455,2024-01-24,2025-09-10,
75,Amy Silva,Substance Use,TX,2025-06-07,2025-12-31,churned,True,51,46,5,0.902,8572.480000000001,5182.78,14.521739130434783,2024-01-19,2025-12-31,207
76,Sarah Moore,Anxiety & Stress,PA,2024-01-02,,active,True,158,142,16,0.8987,26969.640000000003,16756.820000000007,15.014084507042254,2024-01-16,2025-12-04,
77,Angela Lopez,Couples Therapy,TX,2024-03-12,,active,True,65,59,6,0.9077,11055.759999999995,7036.6,13.322033898305085,2024-01-19,2025-12-29,
78,Megan Young,Substance Use,PA,2024-05-07,,active,True,68,63,5,0.9265,11476.970000000001,7448.5199999999995,15.174603174603174,2024-02-26,2025-08-26,
79,Steve Sanchez,Child & Adolescent,PA,2024-11-30,,active,True,70,66,4,0.9429,11311.729999999998,7550.81,14.348484848484848,2024-02-08,2025-12-10,
80,Lisa Barnes,Trauma & PTSD,CA,2025-11-11,,active,True,77,68,9,0.8831,13387.909999999998,8207.039999999999,14.823529411764707,2024-02-07,2025-12-29,
81,Kelly Donovan,Trauma & PTSD,IL,2024-11-04,,active,True,92,80,12,0.8696,15801.869999999999,9543.589999999998,13.8125,2024-01-12,2025-12-31,
82,Mike Allen,Child & Adolescent,CA,2025-03-16,,active,True,91,84,7,0.9231,15431.590000000004,9899.049999999996,13.05952380952381,2024-01-26,2025-12-25,
83,Michael Evans,Substance Use,FL,2025-03-28,,active,True,57,52,5,0.9123,9585.289999999999,6082.620000000001,15.5,2024-02-12,2025-12-27,
84,Paul Jones,Trauma & PTSD,PA,2024-10-17,,active,True,60,51,9,0.85,9980.610000000004,6029.76,12.568627450980392,2024-03-12,2025-12-27,
85,Zachary Ferrell,Substance Use,NY,2024-08-28,,active,True,67,62,5,0.9254,11406.560000000005,7346.920000000002,12.96774193548387,2024-03-29,2025-12-29,
86,Daniel Baker,Couples Therapy,NY,2024-02-17,,active,True,13,13,0,1.0,2221.83,1518.5700000000002,16.23076923076923,2024-05-24,2025-08-01,
87,Shirley Suarez,Depression,TX,2025-10-06,,active,True,125,113,12,0.904,21133.51999999999,13105.100000000004,15.097345132743364,2024-01-19,2025-12-30,
88,Christopher Bass,LGBTQ+ Affirming,FL,2024-09-06,,active,True,42,40,2,0.9524,7313.910000000002,4936.63,13.725,2024-01-17,2025-12-27,
89,Lisa Archer,Depression,WA,2024-08-12,,active,True,47,46,1,0.9787,7561.780000000002,5292.86,9.478260869565217,2024-02-22,2025-03-12,
90,Aimee Montoya,Grief & Loss,NY,2024-09-12,,active,True,43,36,7,0.8372,7193.279999999998,4238.26,14.61111111111111,2024-01-27,2024-10-09,
91,Matthew Mcmillan,Trauma & PTSD,WA,2025-11-14,,active,True,61,52,9,0.8525,10097.749999999998,6158.759999999998,13.076923076923077,2024-02-08,2025-12-27,
92,Brian Rodriguez,Substance Use,CO,2025-03-29,,active,True,67,58,9,0.8657,11565.119999999999,6868.12,17.982758620689655,2024-01-21,2025-12-31,
93,Denise Jacobs,LGBTQ+ Affirming,MA,2025-07-15,,active,True,29,27,2,0.931,4946.300000000001,3359.8499999999985,14.11111111111111,2024-04-07,2025-12-22,
94,Christina Walters,Grief & Loss,TX,2024-09-10,,active,True,63,61,2,0.9683,10696.569999999998,7307.319999999998,13.40983606557377,2024-04-03,2025-12-25,
95,John Whitehead,Grief & Loss,IL,2024-10-08,,active,True,41,39,2,0.9512,7061.390000000002,4732.6799999999985,12.35897435897436,2024-01-14,2025-09-24,
96,Anna Henderson,Couples Therapy,CA,2024-11-23,,active,True,54,51,3,0.9444,9179.92,6065.799999999999,17.84313725490196,2024-01-20,2025-12-27,
97,Aaron Wise,Trauma & PTSD,CA,2024-06-05,,active,False,82,73,9,0.8902,14413.930000000002,8823.650000000005,17.91780821917808,2024-02-22,2025-12-29,
98,Deborah Figueroa,LGBTQ+ Affirming,CA,2025-04-22,,active,True,80,76,4,0.95,13861.319999999996,9199.279999999997,13.486842105263158,2024-02-12,2025-12-30,
99,Jessica Smith,LGBTQ+ Affirming,TX,2025-08-21,,active,False,48,45,3,0.9375,8099.190000000002,5399.729999999999,16.955555555555556,2024-05-09,2025-09-29,
100,Stephen Mckee,LGBTQ+ Affirming,FL,2024-12-26,,active,True,77,71,6,0.9221,13009.220000000001,8098.040000000003,15.647887323943662,2024-01-08,2025-10-26,
101,Sandra Aguilar,LGBTQ+ Affirming,FL,2025-07-13,,active,True,33,31,2,0.9394,5556.26,3638.4900000000002,16.032258064516128,2024-10-18,2025-12-15,
102,Cameron Parker,Grief & Loss,CA,2025-03-22,,active,True,48,46,2,0.9583,8266.149999999998,5561.3600000000015,15.58695652173913,2024-06-28,2025-12-30,
103,Rebecca Valencia,LGBTQ+ Affirming,NJ,2025-04-23,,active,True,54,48,6,0.8889,9096.589999999998,5682.679999999999,17.6875,2024-02-28,2025-12-29,
104,Christine Wright,Anxiety & Stress,GA,2025-08-29,,active,False,158,143,15,0.9051,27158.030000000002,17138.490000000005,13.916083916083917,2024-01-15,2025-12-30,
105,Richard Henson,LGBTQ+ Affirming,NY,2025-04-17,,active,True,83,74,9,0.8916,13892.67,8631.409999999998,16.027027027027028,2024-04-03,2025-12-30,
106,Marc Moore,Substance Use,CA,2024-11-30,,active,True,48,44,4,0.9167,8150.500000000001,5155.489999999997,14.931818181818182,2024-05-21,2025-11-13,
107,Sharon Cherry,Child & Adolescent,NJ,2025-03-07,,active,True,126,117,9,0.9286,21105.76999999999,13877.410000000002,12.444444444444445,2024-05-19,2025-12-17,
108,Sierra Johnson,Anxiety & Stress,NJ,2024-02-23,,active,True,95,92,3,0.9684,16049.659999999998,10803.599999999999,16.706521739130434,2024-02-04,2025-12-27,
109,Evelyn Galvan,Depression,WA,2025-10-29,2025-12-28,churned,True,103,97,6,0.9417,17283.120000000003,11715.769999999991,11.29896907216495,2024-02-27,2025-12-27,60
110,Sharon Cochran,Couples Therapy,MA,2025-09-28,,active,True,34,30,4,0.8824,5862.639999999999,3562.3699999999994,16.166666666666668,2024-01-16,2025-12-12,
111,Richard Rodriguez,Depression,IL,2024-08-11,,active,True,147,135,12,0.9184,24480.67,15705.090000000007,14.28888888888889,2024-01-17,2025-11-29,
112,Shannon Walker,Substance Use,NY,2025-09-13,,active,True,45,40,5,0.8889,7331.700000000001,4594.23,12.725,2024-04-21,2025-11-02,
113,Julia Torres,Trauma & PTSD,CO,2024-04-20,,active,True,60,58,2,0.9667,10379.86,6866.169999999999,13.672413793103448,2024-03-08,2025-10-01,
114,Crystal Johnson,LGBTQ+ Affirming,TX,2024-07-22,2025-09-08,churned,True,65,60,5,0.9231,11109.170000000004,7072.749999999998,13.033333333333333,2024-10-03,2025-12-31,413
115,Garrett Lin,Couples Therapy,NY,2024-11-04,,active,True,50,41,9,0.82,8818.240000000002,5082.450000000002,13.829268292682928,2024-01-29,2025-12-28,
116,Diana May,Depression,WA,2025-08-02,,active,True,138,126,12,0.913,23131.98,14840.159999999996,15.976190476190476,2024-01-28,2025-12-30,
117,William Herrera,LGBTQ+ Affirming,PA,2024-03-11,,active,True,67,62,5,0.9254,11433.28,7397.389999999999,12.048387096774194,2024-02-08,2025-08-05,
118,Ashley Waller,LGBTQ+ Affirming,WA,2024-04-18,,active,True,20,20,0,1.0,3230.8600000000006,2264.8900000000003,15.55,2024-06-27,2025-06-05,
119,Victor Baker,Grief & Loss,PA,2025-03-21,,active,True,58,50,8,0.8621,9827.930000000002,6026.6100000000015,16.96,2024-01-07,2025-12-23,
120,Jeffrey Chandler,Child & Adolescent,IL,2025-07-05,,active,True,149,136,13,0.9128,25484.940000000002,16290.209999999995,14.477941176470589,2024-04-30,2025-12-31,
121,Larry Dixon,Child & Adolescent,CA,2024-09-08,,active,True,136,124,12,0.9118,22944.060000000016,14394.119999999997,14.209677419354838,2024-03-25,2025-12-29,
122,Kenneth Scott,Grief & Loss,CA,2025-04-20,,active,True,52,46,6,0.8846,9053.63,5499.990000000002,15.152173913043478,2024-02-19,2025-12-28,
123,April Frost,Substance Use,NY,2024-11-28,,active,True,40,35,5,0.875,6520.989999999999,3873.79,14.257142857142858,2024-01-09,2025-12-25,
124,Michelle Harmon,Child & Adolescent,TX,2025-09-02,,active,True,94,83,11,0.883,15928.979999999996,9914.050000000001,15.240963855421686,2024-01-10,2025-12-27,
125,Helen Jones,Anxiety & Stress,FL,2024-07-14,2025-09-15,churned,True,77,72,5,0.9351,12961.839999999997,8277.75,15.555555555555555,2024-03-25,2025-12-30,428
126,Erin Edwards,Couples Therapy,PA,2025-10-23,,active,True,72,69,3,0.9583,12528.98,8440.409999999996,12.08695652173913,2024-02-08,2025-08-22,
127,Michelle Evans,Anxiety & Stress,NY,2024-08-14,,active,True,185,167,18,0.9027,32026.249999999993,20097.03000000001,13.74251497005988,2024-01-14,2025-12-25,
128,Jason Powell,Substance Use,FL,2025-06-27,,active,True,122,115,7,0.9426,21156.999999999993,14085.47,15.860869565217392,2024-03-07,2025-10-22,
129,Cameron Fisher,Substance Use,TX,2025-04-09,,active,True,83,78,5,0.9398,14397.170000000002,9634.760000000006,13.653846153846153,2024-04-01,2025-12-30,
130,Megan Orr,Depression,NJ,2024-11-19,,active,True,108,100,8,0.9259,18335.349999999995,11690.490000000005,15.29,2024-01-20,2025-12-17,
131,Elizabeth Kelley,Trauma & PTSD,CA,2025-05-10,,active,True,54,46,8,0.8519,9355.839999999998,5437.910000000003,14.826086956521738,2024-02-10,2025-12-14,
132,Dustin Jordan,Child & Adolescent,NC,2024-07-17,,active,True,119,114,5,0.958,20505.290000000005,13611.199999999997,14.18421052631579,2024-02-14,2025-12-31,
133,Mary Marshall,Child & Adolescent,NY,2025-06-30,2025-09-03,churned,True,89,82,7,0.9213,15286.659999999996,9710.400000000001,15.024390243902438,2024-01-30,2025-11-22,65
134,Daniel Kennedy,Child & Adolescent,PA,2024-05-09,,active,True,63,58,5,0.9206,10882.429999999997,7069.030000000001,14.344827586206897,2024-01-25,2025-12-28,
135,Rebecca Jackson,Depression,MA,2025-08-10,,active,True,124,116,8,0.9355,20747.49,13704.56,14.560344827586206,2024-01-14,2025-12-31,
136,Jose Schultz,Substance Use,CA,2024-02-22,,active,True,47,43,4,0.9149,8041.099999999999,5175.47,14.255813953488373,2024-02-08,2025-08-31,
137,Robert Potter,Depression,WA,2025-02-14,,active,True,110,96,14,0.8727,18510.09,11608.210000000001,15.447916666666666,2024-02-23,2025-12-31,
138,Courtney Gonzalez,Anxiety & Stress,NY,2025-07-30,,active,True,105,95,10,0.9048,18147.04,11724.270000000004,13.863157894736842,2024-02-06,2025-12-16,
139,David Alvarez,Couples Therapy,NY,2025-03-02,,active,True,131,118,13,0.9008,22243.149999999987,14120.380000000001,14.559322033898304,2024-02-21,2025-12-30,
140,Angel Perry,Couples Therapy,WA,2025-01-24,,active,True,45,40,5,0.8889,7737.8,4765.179999999999,12.05,2024-01-18,2025-12-22,
141,Cheyenne Horton,LGBTQ+ Affirming,CA,2025-09-27,2025-12-02,churned,True,52,49,3,0.9423,8739.819999999996,5789.110000000001,13.26530612244898,2024-01-26,2025-12-26,66
142,David Douglas Jr.,Couples Therapy,IL,2024-09-27,,active,True,49,45,4,0.9184,8377.619999999999,5396.339999999998,14.6,2024-02-02,2025-02-16,
143,Patricia Rodriguez,Trauma & PTSD,FL,2024-06-09,2025-03-26,churned,True,110,102,8,0.9273,18555.820000000003,12229.029999999999,12.294117647058824,2024-04-29,2025-12-31,290
144,Christopher Rubio,Grief & Loss,CA,2024-08-25,,active,True,66,60,6,0.9091,10891.779999999997,6868.580000000002,13.65,2024-05-13,2025-09-19,
145,Amber Wright,Grief & Loss,NY,2024-08-27,,active,True,59,52,7,0.8814,9967.33,6084.189999999999,13.326923076923077,2024-01-27,2025-11-19,
146,Joyce Solis,Couples Therapy,TX,2025-07-11,,active,True,71,64,7,0.9014,12305.689999999997,7701.680000000001,15.671875,2024-03-04,2025-10-22,
147,Victoria Larson,Child & Adolescent,WA,2024-03-14,2025-03-23,churned,True,149,139,10,0.9329,25485.450000000008,16300.039999999995,14.640287769784173,2024-01-20,2025-12-28,374
148,Stephanie Salazar,Child & Adolescent,TX,2025-04-24,,active,True,124,113,11,0.9113,21324.090000000004,13728.850000000004,12.557522123893806,2024-01-24,2025-12-06,
149,Kathy Rivas,Child & Adolescent,FL,2025-05-20,,active,True,46,38,8,0.8261,7974.230000000001,4380.7300000000005,15.473684210526315,2024-09-26,2025-10-26,
150,Stephanie Manning,LGBTQ+ Affirming,NJ,2025-09-10,,active,True,122,111,11,0.9098,20097.249999999996,12868.58,11.855855855855856,2024-01-28,2025-10-22,
151,David Wright,Anxiety & Stress,NC,2025-11-19,,active,True,110,102,8,0.9273,18948.920000000006,12373.970000000003,15.666666666666666,2024-02-21,2025-12-31,
152,Pamela Boyd,Trauma & PTSD,FL,2025-10-29,,active,True,106,94,12,0.8868,18044.759999999995,11080.930000000006,16.54255319148936,2024-02-23,2025-12-19,
153,Denise Jones,LGBTQ+ Affirming,IL,2025-05-18,,active,True,62,56,6,0.9032,10601.29,6974.9299999999985,16.357142857142858,2024-01-16,2025-12-29,
154,Devon Flores,LGBTQ+ Affirming,CA,2025-11-17,,active,True,57,55,2,0.9649,9608.650000000001,6587.21,14.654545454545454,2024-01-20,2025-07-22,
155,Brenda Hall,LGBTQ+ Affirming,PA,2024-10-22,,active,True,79,67,12,0.8481,13016.269999999999,7688.720000000001,15.611940298507463,2024-02-06,2025-12-27,
156,Michelle Brown,Anxiety & Stress,TX,2024-11-18,,active,True,92,82,10,0.8913,15363.439999999999,9505.160000000003,15.036585365853659,2024-06-05,2025-11-15,
157,Joshua Perry,LGBTQ+ Affirming,MA,2024-01-02,,active,True,73,68,5,0.9315,13048.07,8333.900000000001,16.529411764705884,2024-04-24,2025-12-23,
158,Jason Stein,LGBTQ+ Affirming,NY,2025-06-14,,active,True,37,33,4,0.8919,6066.290000000003,3820.7099999999996,15.212121212121213,2024-05-11,2025-06-30,
159,Melissa Gates,Grief & Loss,NJ,2024-07-27,,active,True,46,43,3,0.9348,7603.07,4825.26,14.55813953488372,2025-05-25,2025-11-25,
160,Jamie Smith,Child & Adolescent,TX,2025-05-11,2025-12-18,churned,True,111,104,7,0.9369,18579.28,11989.239999999996,13.076923076923077,2024-03-03,2025-12-28,221
161,Paul Castaneda,Couples Therapy,PA,2024-11-14,,active,True,71,68,3,0.9577,11638.449999999997,7654.960000000002,13.426470588235293,2024-01-13,2025-12-28,
162,Jennifer Adkins,Depression,CA,2024-04-26,,active,True,74,63,11,0.8514,12362.100000000002,7288.240000000001,16.444444444444443,2024-01-09,2025-12-27,
163,Lindsey Walker,Trauma & PTSD,FL,2024-10-25,,active,True,83,76,7,0.9157,13698.95,8686.08,15.736842105263158,2024-02-02,2025-12-29,
164,Jeffrey Johnson,Grief & Loss,NC,2024-09-06,,active,True,43,40,3,0.9302,7653.509999999999,5042.150000000002,14.05,2024-04-11,2025-12-28,
165,Michael Powell,Couples Therapy,GA,2025-06-04,,active,True,43,40,3,0.9302,7185.139999999999,4709.790000000001,10.025,2024-07-08,2025-12-25,
166,John Anderson,Depression,CA,2025-02-28,,active,True,155,147,8,0.9484,26272.000000000004,17496.440000000002,15.312925170068027,2024-01-30,2025-12-29,
167,Alyssa Long,Child & Adolescent,WA,2024-10-16,,active,True,99,91,8,0.9192,16718.310000000005,10831.84,15.043956043956044,2024-03-01,2025-12-27,
168,Alyssa Day,Grief & Loss,MA,2025-04-02,,active,True,13,13,0,1.0,2455.5899999999997,1652.9800000000002,14.23076923076923,2024-06-16,2025-08-11,
169,Joel Williams,LGBTQ+ Affirming,TX,2024-11-25,,active,True,39,38,1,0.9744,6709.570000000001,4658.830000000001,18.42105263157895,2024-07-01,2025-12-27,
170,Daniel Murphy,Couples Therapy,IL,2024-08-27,,active,True,64,56,8,0.875,11478.609999999999,6917.81,15.553571428571429,2024-01-23,2025-12-19,
171,Jamie Walton,Substance Use,NJ,2025-01-25,,active,True,56,48,8,0.8571,9356.649999999998,5408.069999999998,14.375,2024-02-26,2025-12-26,
172,Darlene Miller,Trauma & PTSD,FL,2024-02-07,,active,True,98,88,10,0.898,16982.149999999998,10439.039999999997,15.227272727272727,2024-02-27,2025-12-30,
173,Joshua Cooke,Substance Use,MA,2025-03-26,2025-09-18,churned,False,68,62,6,0.9118,11487.740000000002,7419.069999999998,14.838709677419354,2024-01-17,2025-12-27,176
174,Matthew Harrington,Trauma & PTSD,TX,2025-11-01,,active,False,83,72,11,0.8675,14346.799999999997,8829.16,16.88888888888889,2024-02-28,2025-09-15,
175,Nicole Herring,Child & Adolescent,CA,2025-02-11,,active,True,115,104,11,0.9043,19613.27999999999,12117.879999999997,15.721153846153847,2024-05-04,2025-10-02,
176,Alex Hernandez,LGBTQ+ Affirming,CO,2025-10-03,,active,True,35,30,5,0.8571,6012.350000000001,3630.8999999999996,15.9,2024-03-27,2025-08-18,
177,Michael Elliott,Anxiety & Stress,IL,2024-08-28,,active,True,132,119,13,0.9015,22524.670000000006,14301.430000000006,15.042016806722689,2024-01-27,2025-12-28,
178,Michael Wang,Couples Therapy,NJ,2025-03-20,,active,True,85,78,7,0.9176,14815.879999999997,9642.349999999999,14.461538461538462,2024-02-28,2025-12-04,
179,Lawrence Adkins,Depression,TX,2024-11-02,,active,False,154,149,5,0.9675,25456.230000000014,17098.49,11.751677852348994,2024-01-13,2025-12-28,
180,Robert Oconnell,Anxiety & Stress,CA,2025-01-18,,active,True,126,112,14,0.8889,21371.860000000004,13088.020000000002,14.214285714285714,2024-02-12,2025-12-27,
181,Alexander Collins,LGBTQ+ Affirming,IL,2024-07-03,,active,False,60,57,3,0.95,9963.52,6586.500000000001,16.280701754385966,2024-02-15,2025-12-31,
182,Tina Sanders,LGBTQ+ Affirming,IL,2024-09-03,,active,True,63,58,5,0.9206,10756.589999999998,6904.169999999997,11.775862068965518,2024-02-04,2025-07-09,
183,Angela Vaughn,Couples Therapy,FL,2024-09-17,,active,True,66,60,6,0.9091,11176.85,7097.470000000001,18.5,2024-06-20,2025-12-28,
184,Ashley Barton,Grief & Loss,GA,2025-11-24,,active,False,27,22,5,0.8148,4739.65,2666.7599999999998,14.0,2024-03-18,2025-12-28,
185,Lindsay Martinez,Substance Use,NC,2024-11-02,,active,True,78,69,9,0.8846,13086.539999999999,8120.700000000001,16.08695652173913,2024-04-13,2025-12-29,
186,Dr. Hannah Patterson,Child & Adolescent,TX,2024-11-05,,active,True,122,115,7,0.9426,20377.11999999999,13540.27,12.582608695652175,2024-03-05,2025-12-01,
187,Jonathan Peterson,Grief & Loss,NY,2025-01-25,,active,True,49,43,6,0.8776,8512.3,5204.290000000002,16.302325581395348,2024-06-24,2025-12-11,
188,Samantha Garcia,Child & Adolescent,NY,2025-11-05,,active,False,125,114,11,0.912,21251.410000000007,13783.489999999996,14.219298245614034,2024-01-22,2025-10-27,
189,Madison Poole,Anxiety & Stress,GA,2025-05-23,,active,True,125,115,10,0.92,21179.87,13716.019999999997,14.060869565217391,2024-01-10,2025-12-26,
190,Jessica Gross,Couples Therapy,IL,2024-12-26,,active,True,47,46,1,0.9787,8291.690000000002,5634.559999999999,15.021739130434783,2024-04-22,2025-12-27,
191,Debra Morton,Child & Adolescent,PA,2025-11-06,,active,True,73,68,5,0.9315,12092.639999999998,8168.780000000001,14.823529411764707,2024-02-26,2025-12-11,
192,Karen Graham,Depression,GA,2025-10-23,2025-12-29,churned,False,60,57,3,0.95,9938.110000000004,6639.970000000001,14.385964912280702,2024-03-23,2025-12-29,67
193,Debra Christian,Substance Use,NJ,2024-04-02,,active,True,23,18,5,0.7826,3800.189999999999,1993.6399999999996,16.22222222222222,2024-01-21,2025-07-09,
194,Angelica Keith,LGBTQ+ Affirming,NY,2024-05-15,,active,True,47,42,5,0.8936,8137.78,4899.379999999999,14.904761904761905,2024-02-04,2025-11-24,
195,John Bishop,Substance Use,FL,2024-10-06,,active,True,32,31,1,0.9688,5627.1,3699.370000000001,17.06451612903226,2024-03-03,2025-10-27,
196,Allen Rosales,Grief & Loss,CO,2024-10-29,,active,True,57,52,5,0.9123,9769.559999999998,6329.049999999999,11.384615384615385,2024-04-16,2025-10-21,
197,Daniel Salinas,Depression,FL,2024-03-18,,active,True,113,105,8,0.9292,19323.760000000006,12491.659999999998,14.82857142857143,2024-01-18,2025-12-31,
198,Spencer Haynes,LGBTQ+ Affirming,CO,2025-07-24,,active,True,61,57,4,0.9344,9855.96,6543.770000000002,17.350877192982455,2024-01-06,2025-12-31,
199,Adam Vaughan,Anxiety & Stress,CA,2024-05-06,,active,True,97,89,8,0.9175,16645.229999999996,10437.630000000003,13.898876404494382,2024-01-27,2025-11-10,
200,Nathan Freeman,Child & Adolescent,IL,2025-10-15,,active,True,82,74,8,0.9024,13890.560000000003,8771.91,14.486486486486486,2024-01-27,2025-10-12,
201,Melissa Brewer,Couples Therapy,FL,2025-09-26,,active,True,76,74,2,0.9737,12783.349999999999,8892.04,14.256756756756756,2024-03-25,2025-11-08,
202,Ricky Davis II,Couples Therapy,PA,2025-10-12,,active,True,82,76,6,0.9268,13961.569999999996,9213.4,14.723684210526315,2024-01-10,2025-12-29,
203,Elizabeth Perkins,Child & Adolescent,PA,2024-04-29,2024-08-05,churned,True,49,47,2,0.9592,8634.849999999999,5856.19,10.851063829787234,2024-02-05,2025-08-21,98
204,Joseph Coleman,Grief & Loss,NY,2024-08-28,,active,True,22,22,0,1.0,3595.19,2585.47,15.545454545454545,2024-06-03,2025-12-03,
205,Erin Warner,Grief & Loss,TX,2025-07-07,,active,True,59,55,4,0.9322,10027.56,6704.089999999999,14.163636363636364,2024-02-10,2025-12-30,
206,David Martinez,Trauma & PTSD,GA,2025-11-01,,active,True,75,68,7,0.9067,12735.16,7838.3200000000015,16.220588235294116,2024-02-08,2025-12-28,
207,Bryan Herrera,LGBTQ+ Affirming,CO,2024-10-13,2025-06-19,churned,True,76,74,2,0.9737,12762.3,8613.77,14.635135135135135,2024-02-02,2025-11-14,249
208,Cathy Robinson,Grief & Loss,CO,2025-01-06,2025-09-11,churned,True,44,41,3,0.9318,7621.68,5035.500000000001,16.5609756097561,2024-01-23,2025-12-29,248
209,Dr. William Warren,Substance Use,NY,2024-10-09,,active,True,53,46,7,0.8679,9075.51,5520.02,13.130434782608695,2024-03-07,2025-11-10,
210,Brian Lee,Grief & Loss,NY,2024-08-05,,active,True,31,30,1,0.9677,5346.949999999998,3694.1299999999997,13.466666666666667,2024-09-15,2025-11-30,
211,Christopher Smith,Anxiety & Stress,NY,2024-12-07,,active,True,158,138,20,0.8734,26738.720000000005,16653.19,15.673913043478262,2024-02-01,2025-12-26,
212,Denise Mccann,Couples Therapy,NY,2025-07-21,,active,True,35,32,3,0.9143,5845.929999999999,3762.7000000000003,16.1875,2024-03-03,2025-12-31,
213,Melissa Martinez,Couples Therapy,CA,2024-05-31,,active,True,65,58,7,0.8923,11037.300000000003,6957.959999999998,13.775862068965518,2024-03-22,2025-12-31,
214,Katherine Salas,Child & Adolescent,MA,2024-05-28,,active,True,153,140,13,0.915,26146.680000000004,16467.479999999996,14.207142857142857,2024-02-08,2025-12-28,
215,Julie Alexander,Trauma & PTSD,NY,2024-01-27,,active,True,103,91,12,0.8835,17599.93999999999,10923.82,15.725274725274724,2024-01-24,2025-12-28,
216,Anthony Everett,Couples Therapy,IL,2024-01-17,,active,False,120,116,4,0.9667,20408.760000000006,14070.330000000002,13.405172413793103,2024-02-10,2025-11-03,
217,Rodney Morales,LGBTQ+ Affirming,FL,2024-03-06,,active,True,63,58,5,0.9206,10651.909999999998,6766.72,13.931034482758621,2024-03-12,2025-12-27,
218,Mark Brown,Depression,TX,2024-08-14,,active,False,107,97,10,0.9065,17343.879999999997,10975.449999999999,14.257731958762887,2024-05-17,2025-11-25,
219,Justin Torres,Child & Adolescent,TX,2024-02-01,2025-08-04,churned,True,94,89,5,0.9468,15685.580000000005,10234.960000000005,16.46067415730337,2024-02-27,2025-12-26,550
220,Bailey Duran DDS,LGBTQ+ Affirming,PA,2025-05-17,,active,True,63,57,6,0.9048,10950.140000000001,6913.709999999999,15.368421052631579,2024-02-14,2025-09-12,
221,Courtney Mills,Depression,CA,2024-05-31,2025-05-07,churned,True,63,55,8,0.873,11160.150000000001,6779.089999999999,13.418181818181818,2024-01-22,2025-08-15,341
222,Jeremy Dalton,Substance Use,TX,2025-09-03,,active,True,38,35,3,0.9211,6243.49,3898.88,11.342857142857143,2024-02-14,2025-12-30,
223,Elizabeth Oliver DDS,LGBTQ+ Affirming,NY,2024-04-27,,active,True,35,33,2,0.9429,6107.03,4165.32,12.757575757575758,2024-01-22,2025-11-06,
224,Theresa Clark,Couples Therapy,TX,2024-08-21,,active,True,63,56,7,0.8889,10308.109999999997,6454.859999999999,14.928571428571429,2024-01-28,2025-12-31,
225,Matthew Moore,LGBTQ+ Affirming,TX,2024-04-07,,active,True,51,47,4,0.9216,8562.29,5383.479999999999,11.23404255319149,2024-05-19,2025-12-26,
226,Benjamin Smith,Child & Adolescent,TX,2024-06-05,,active,True,75,70,5,0.9333,12751.77,8209.790000000003,10.028571428571428,2024-01-29,2025-12-24,
227,Kirk Carter,Depression,MA,2024-04-05,,active,True,39,34,5,0.8718,6752.37,4019.850000000001,15.441176470588236,2024-08-05,2025-12-30,
228,Michael Warner,Substance Use,WA,2025-07-23,2025-12-01,churned,True,130,120,10,0.9231,22138.450000000004,14691.839999999997,13.966666666666667,2024-01-18,2025-12-24,131
229,Michael Bradshaw,Depression,TX,2025-11-12,,active,True,88,82,6,0.9318,15075.399999999998,9887.539999999995,15.682926829268293,2024-01-10,2025-12-30,
230,Lori Guerrero,Anxiety & Stress,CO,2025-09-06,,active,True,91,87,4,0.956,15418.870000000006,10061.91,13.701149425287356,2024-02-19,2025-12-30,
231,Jessica Stephens,Couples Therapy,NY,2025-05-08,,active,True,101,95,6,0.9406,16774.560000000005,11177.62,11.23157894736842,2024-01-16,2025-11-26,
232,Susan Serrano,Substance Use,NY,2024-10-12,,active,True,70,64,6,0.9143,12015.510000000004,7755.09,15.890625,2024-02-19,2025-09-11,
233,Christopher Parker,Anxiety & Stress,IL,2025-11-04,,active,True,149,135,14,0.906,25607.059999999998,16070.880000000005,14.97037037037037,2024-02-09,2025-12-25,
234,Laura Roberts,Trauma & PTSD,CA,2024-11-12,,active,True,82,71,11,0.8659,13379.139999999998,7917.009999999997,14.014084507042254,2024-02-26,2025-12-28,
235,Michael Lyons,Trauma & PTSD,MA,2025-08-02,,active,False,69,64,5,0.9275,11731.510000000004,7758.5700000000015,14.515625,2024-01-27,2025-12-28,
236,Kathryn Snyder,Anxiety & Stress,NY,2025-06-27,,active,True,69,60,9,0.8696,11878.230000000001,7096.409999999999,12.816666666666666,2024-01-23,2025-11-22,
237,Andrew Reynolds,Substance Use,NY,2024-11-15,,active,True,58,55,3,0.9483,10247.460000000003,6879.7300000000005,14.363636363636363,2024-01-06,2025-09-12,
238,David Davis,Depression,GA,2024-06-08,,active,True,43,39,4,0.907,7435.4800000000005,4793.1,16.153846153846153,2024-04-15,2025-12-25,
239,Sara Johnston,Depression,CA,2025-11-08,,active,True,116,110,6,0.9483,19566.06,13168.659999999998,14.418181818181818,2024-02-18,2025-12-26,
240,Yvonne Chambers,LGBTQ+ Affirming,CA,2025-06-08,,active,True,25,25,0,1.0,4140.5199999999995,2881.5800000000004,9.2,2024-05-29,2025-08-24,
241,Andrew Avila,Child & Adolescent,PA,2025-08-30,,active,True,102,94,8,0.9216,17288.73,11307.340000000004,13.340425531914894,2024-05-22,2025-12-26,
242,Matthew Moon,Anxiety & Stress,CA,2025-09-05,2025-11-17,churned,True,76,69,7,0.9079,13018.060000000001,8364.229999999998,18.304347826086957,2024-01-15,2025-12-26,73
243,Kevin Walters,Couples Therapy,NJ,2024-09-18,,active,True,92,83,9,0.9022,15547.100000000004,9657.919999999996,13.831325301204819,2024-02-03,2025-11-29,
244,Brandon Bailey MD,Grief & Loss,NJ,2024-06-28,,active,True,58,55,3,0.9483,9449.919999999998,6244.8,11.472727272727273,2024-08-11,2025-12-15,
245,Shannon Rivera,Couples Therapy,FL,2025-11-15,,active,False,62,51,11,0.8226,10355.939999999999,5809.089999999997,15.549019607843137,2024-01-08,2025-11-07,
246,Donna Landry,Anxiety & Stress,TX,2025-04-15,,active,True,92,82,10,0.8913,15467.489999999998,9705.260000000002,16.0,2024-01-09,2025-12-07,
247,Krista Gibson,LGBTQ+ Affirming,IL,2025-10-17,,active,True,41,36,5,0.878,7086.01,4238.06,18.02777777777778,2024-02-08,2025-02-22,
248,Frank Cordova,Anxiety & Stress,CO,2024-06-24,,active,True,129,122,7,0.9457,21925.91,14284.010000000006,14.655737704918034,2024-02-11,2025-12-30,
249,Jose Travis,Substance Use,NY,2024-04-18,,active,True,40,37,3,0.925,6836.820000000002,4459.28,14.18918918918919,2024-05-07,2025-11-01,
250,Kimberly Gutierrez,Depression,TX,2024-11-13,,active,True,113,102,11,0.9027,19171.100000000002,12003.180000000004,14.264705882352942,2024-02-20,2025-12-31,
251,Isaiah Avila,Trauma & PTSD,NY,2025-10-10,,active,True,46,44,2,0.9565,7712.76,5105.570000000001,14.386363636363637,2024-01-11,2025-09-18,
252,Olivia Harris,Substance Use,TX,2025-10-22,,active,True,65,57,8,0.8769,11118.550000000001,6925.449999999998,14.719298245614034,2024-07-22,2025-12-29,
253,Tanya Kim,Trauma & PTSD,CA,2024-06-26,,active,True,65,57,8,0.8769,11219.380000000001,7006.65,14.912280701754385,2024-08-25,2025-12-23,
254,Barbara Dudley,Depression,NY,2025-10-05,,active,True,131,122,9,0.9313,22429.75,14457.249999999996,11.78688524590164,2024-01-14,2025-11-09,
255,Cynthia Moore,Grief & Loss,PA,2025-08-01,,active,True,57,56,1,0.9825,9713.619999999999,6658.550000000002,14.910714285714286,2024-06-18,2025-12-30,
256,Kristen Davis,Substance Use,MA,2025-10-04,,active,True,49,46,3,0.9388,8436.06,5677.62,15.23913043478261,2024-03-29,2025-12-23,
257,Susan Murray MD,Grief & Loss,TX,2024-11-06,,active,True,21,17,4,0.8095,3440.460000000001,1997.77,14.176470588235293,2024-05-02,2025-07-21,
258,Kathleen Moran,Substance Use,FL,2024-11-13,,active,False,78,68,10,0.8718,12999.19,7818.149999999999,17.014705882352942,2024-02-27,2025-11-19,
259,Denise Davenport,Substance Use,MA,2024-03-19,,active,True,66,61,5,0.9242,11389.13,7509.97,11.836065573770492,2024-02-16,2025-12-30,
260,Mrs. Kristen Reyes,Depression,IL,2025-06-03,,active,True,150,141,9,0.94,25316.609999999993,16700.360000000008,13.617021276595745,2024-01-30,2025-12-30,
261,Katie Suarez,Anxiety & Stress,TX,2025-08-08,,active,True,132,121,11,0.9167,22832.279999999995,14739.40999999999,14.884297520661157,2024-02-03,2025-11-29,
262,Desiree Tyler,Grief & Loss,FL,2024-03-04,,active,True,60,55,5,0.9167,10208.529999999997,6608.110000000001,13.89090909090909,2024-04-02,2025-12-31,
263,Timothy Romero,Substance Use,NC,2024-03-27,,active,True,66,57,9,0.8636,11483.2,6808.1799999999985,14.824561403508772,2024-02-10,2025-11-19,
264,Diane Evans,Couples Therapy,PA,2025-03-25,,active,True,58,55,3,0.9483,9703.460000000001,6526.899999999999,14.018181818181818,2024-04-02,2025-12-24,
265,Yvonne Burns,Substance Use,TX,2024-10-16,,active,True,51,45,6,0.8824,8253.77,5144.189999999999,12.6,2024-04-23,2025-12-26,
266,Joshua Reed,Anxiety & Stress,WA,2025-10-24,,active,True,146,136,10,0.9315,24973.62,16130.75,13.897058823529411,2024-02-10,2025-12-26,
267,Kimberly Gibson,LGBTQ+ Affirming,CA,2025-11-03,,active,True,78,74,4,0.9487,13186.529999999995,8421.86,12.72972972972973,2024-01-26,2025-11-26,
268,Colin Terry,Trauma & PTSD,CA,2025-08-19,,active,True,82,70,12,0.8537,13515.089999999997,8014.400000000002,16.6,2024-02-20,2025-12-28,
269,Cynthia Rowe,Child & Adolescent,CO,2025-11-09,,active,True,69,64,5,0.9275,11897.900000000001,7655.5999999999985,17.09375,2024-01-18,2025-12-31,
270,Patrick Thornton,Depression,CA,2025-01-20,,active,True,113,99,14,0.8761,19139.11999999999,11721.519999999999,15.373737373737374,2024-07-18,2025-11-24,
271,Jasmin Alvarado,Trauma & PTSD,PA,2025-06-23,2025-12-08,churned,True,105,93,12,0.8857,17629.94,11040.569999999994,14.279569892473118,2024-01-19,2025-12-29,168
272,Veronica Simpson,Anxiety & Stress,TX,2024-07-03,,active,True,70,63,7,0.9,11954.620000000004,7658.280000000001,14.079365079365079,2024-02-16,2025-11-21,
273,Jonathan Lawrence,Grief & Loss,CA,2024-05-20,,active,True,25,22,3,0.88,4377.349999999999,2609.8700000000003,18.454545454545453,2024-03-03,2025-12-17,
274,Shelly Alexander,Depression,FL,2025-07-06,,active,True,95,89,6,0.9368,16214.969999999994,10914.450000000003,12.50561797752809,2024-01-15,2025-10-22,
275,Joyce Bowen,Anxiety & Stress,PA,2025-09-24,,active,True,108,96,12,0.8889,17935.809999999994,11244.489999999998,13.239583333333334,2024-05-02,2025-12-28,
276,Matthew Moore,Trauma & PTSD,CA,2025-10-01,,active,True,90,84,6,0.9333,14824.379999999994,9768.779999999997,13.071428571428571,2024-02-07,2025-11-01,
277,Wayne Morgan,Grief & Loss,NY,2025-01-08,,active,True,29,29,0,1.0,4994.599999999999,3578.4500000000003,14.96551724137931,2024-09-11,2025-07-27,
278,Marie Christian,Grief & Loss,IL,2025-04-04,,active,True,34,32,2,0.9412,5539.46,3868.4700000000007,15.59375,2024-08-06,2025-09-28,
279,Shannon James,Grief & Loss,GA,2024-07-17,,active,True,29,29,0,1.0,5019.83,3494.27,15.10344827586207,2024-02-10,2025-12-28,
280,Nathan Malone,Grief & Loss,FL,2024-10-15,,active,True,29,29,0,1.0,4976.7300000000005,3391.02,13.689655172413794,2024-03-18,2025-10-02,
281,Amanda Jones,LGBTQ+ Affirming,CO,2024-07-23,,active,True,30,28,2,0.9333,5515.94,3548.9699999999993,16.178571428571427,2024-12-05,2025-12-20,
282,Tammie Bright,Child & Adolescent,NY,2025-05-07,,active,True,42,39,3,0.9286,7046.289999999999,4475.920000000001,14.897435897435898,2024-02-05,2025-12-30,
283,Jessica Garcia,Depression,NJ,2025-06-12,,active,True,84,71,13,0.8452,14530.470000000007,8446.72,16.535211267605632,2024-01-22,2025-12-25,
284,Shelia Wallace,Trauma & PTSD,CA,2025-06-09,,active,True,75,66,9,0.88,12702.449999999997,7912.680000000002,17.12121212121212,2024-02-14,2025-12-28,
285,Stephanie Williams,Couples Therapy,WA,2024-12-23,,active,True,68,63,5,0.9265,11734.53,7838.139999999999,14.53968253968254,2024-05-06,2025-12-04,
286,Elaine Brooks,LGBTQ+ Affirming,FL,2024-08-29,,active,True,57,53,4,0.9298,9631.970000000003,6347.620000000001,18.11320754716981,2024-03-15,2025-10-20,
287,Joseph Knight,Couples Therapy,NY,2024-04-11,,active,True,117,108,9,0.9231,19339.989999999998,12694.17,16.62037037037037,2024-03-19,2025-12-27,
288,Carolyn Miller,Trauma & PTSD,NY,2024-10-20,,active,True,102,97,5,0.951,17698.659999999993,11591.769999999995,16.02061855670103,2024-01-22,2025-12-28,
289,Lisa Allen,Trauma & PTSD,NJ,2025-04-25,,active,False,56,54,2,0.9643,9749.87,6414.660000000004,16.87037037037037,2024-02-17,2025-12-30,
290,Briana Murray,Depression,NY,2024-08-08,,active,True,88,77,11,0.875,14741.829999999994,8916.14,16.324675324675326,2024-01-06,2025-12-27,
291,David Smith,LGBTQ+ Affirming,NY,2024-10-22,,active,True,54,46,8,0.8519,9593.630000000001,5706.48,15.521739130434783,2024-01-17,2025-11-29,
292,Stephanie Byrd,Couples Therapy,TX,2025-09-29,,active,True,57,51,6,0.8947,9418.199999999997,5810.9400000000005,16.058823529411764,2024-01-15,2025-10-10,
294,Margaret Coleman,Trauma & PTSD,CA,2024-01-02,,active,True,76,74,2,0.9737,12840.609999999993,8817.400000000001,15.31081081081081,2024-03-15,2025-12-26,
295,Ryan Gonzalez,LGBTQ+ Affirming,CA,2025-11-15,,active,True,101,93,8,0.9208,16905.87,11138.690000000002,15.602150537634408,2024-03-04,2025-12-29,
296,John Young,Depression,CO,2025-07-11,,active,True,120,111,9,0.925,20205.03,13300.22,13.846846846846846,2024-03-08,2025-12-28,
297,Laura Haney,Anxiety & Stress,TX,2025-04-26,2025-10-02,churned,True,142,135,7,0.9507,23750.599999999995,16010.36,13.377777777777778,2024-04-13,2025-12-29,159
298,William Barrett,Child & Adolescent,NJ,2024-12-31,,active,True,188,170,18,0.9043,32716.060000000012,20268.29,15.041176470588235,2024-03-21,2025-12-29,
299,Keith Jennings,Depression,WA,2024-12-06,,active,True,96,88,8,0.9167,16576.03000000001,10599.129999999997,15.568181818181818,2024-01-20,2025-12-31,
300,Amber Obrien,Substance Use,WA,2024-06-28,,active,True,9,9,0,1.0,1470.76,1054.1299999999999,16.666666666666668,2024-01-31,2025-12-18,
301,Tanner Mitchell DDS,Grief & Loss,IL,2024-05-18,2025-10-28,churned,False,26,25,1,0.9615,4736.27,3179.1400000000003,16.44,2024-04-26,2025-11-24,528
302,Heather Fields,Couples Therapy,NY,2024-07-23,,active,True,81,72,9,0.8889,13595.67,8634.329999999996,16.77777777777778,2024-01-06,2025-12-30,
303,Megan Le,Child & Adolescent,FL,2025-07-10,,active,False,67,62,5,0.9254,11631.960000000003,7547.280000000001,14.46774193548387,2024-04-15,2025-10-22,
304,Sara Fuller,Couples Therapy,CA,2024-02-18,,active,True,28,27,1,0.9643,4766.949999999998,3314.63,14.703703703703704,2024-01-30,2025-12-30,
305,Maria Parker,Depression,WA,2025-03-23,,active,True,118,106,12,0.8983,20228.55,12537.449999999999,14.915094339622641,2024-02-07,2025-12-21,
306,Kevin Oconnor,LGBTQ+ Affirming,CA,2024-07-10,,active,True,71,61,10,0.8592,11842.499999999996,6939.549999999998,15.327868852459016,2024-02-21,2025-07-21,
307,Edward Burgess,Child & Adolescent,WA,2025-03-10,2025-10-10,churned,True,115,104,11,0.9043,20004.84999999999,12706.979999999998,14.826923076923077,2024-02-19,2025-11-12,214
308,Carlos Ryan,Trauma & PTSD,FL,2024-11-24,,active,True,59,56,3,0.9492,9604.870000000004,6267.610000000001,12.142857142857142,2024-03-14,2025-12-26,
309,Kiara Mcintyre,Child & Adolescent,CA,2025-09-09,,active,True,107,98,9,0.9159,18542.880000000005,12066.049999999996,14.53061224489796,2024-02-17,2025-12-31,
310,Dawn Summers,Grief & Loss,TX,2024-02-13,,active,True,39,37,2,0.9487,6700.390000000002,4482.73,14.243243243243244,2024-03-26,2025-12-29,
311,Dr. Paul Morgan,LGBTQ+ Affirming,CA,2024-02-28,2025-06-17,churned,True,85,80,5,0.9412,14653.890000000003,9473.58,15.2375,2024-01-28,2025-12-21,475
312,Victor Taylor,Trauma & PTSD,CO,2024-05-26,,active,True,108,103,5,0.9537,18708.360000000004,12118.380000000003,13.242718446601941,2024-01-07,2025-09-26,
313,Shannon Ramsey,Grief & Loss,NY,2024-03-09,,active,True,18,18,0,1.0,3115.6299999999997,2274.8500000000004,15.777777777777779,2024-04-07,2025-09-12,
314,Tracy Ballard,Substance Use,TX,2025-08-03,2025-10-21,churned,True,92,85,7,0.9239,15229.41,10134.460000000006,15.329411764705883,2024-01-19,2025-10-27,79
315,Richard Smith,Substance Use,TX,2024-03-19,,active,True,65,59,6,0.9077,10895.969999999994,6926.000000000002,13.88135593220339,2024-01-20,2025-09-05,
316,Jordan Chambers,LGBTQ+ Affirming,CA,2024-10-12,,active,True,93,85,8,0.914,15811.93,10043.63,15.8,2024-01-22,2025-11-23,
317,Lauren Carson,Trauma & PTSD,FL,2025-01-31,,active,True,60,56,4,0.9333,10537.83,6893.709999999999,13.714285714285714,2024-01-11,2025-12-01,
318,Ashley Hall,Child & Adolescent,PA,2024-08-07,,active,True,76,72,4,0.9474,12893.080000000004,8371.349999999999,13.152777777777779,2024-02-19,2025-12-29,
319,Stephen Hoffman,Grief & Loss,CA,2024-05-18,,active,True,58,57,1,0.9828,10082.939999999999,6836.61,13.105263157894736,2024-03-15,2025-11-13,
320,Connie Brown,Grief & Loss,NC,2025-11-29,,active,True,48,45,3,0.9375,8101.860000000001,5220.629999999999,15.88888888888889,2024-02-20,2025-12-29,
321,Susan Turner,Substance Use,PA,2025-07-17,,active,True,43,40,3,0.9302,7295.599999999999,4783.0,16.45,2024-04-01,2025-12-27,
322,Charles Shah,Trauma & PTSD,NJ,2025-10-15,,active,True,46,43,3,0.9348,7954.07,5328.229999999999,13.0,2024-02-26,2025-11-04,
323,Johnathan Davis,Couples Therapy,NY,2024-07-24,,active,True,109,100,9,0.9174,18290.419999999995,11851.460000000006,14.17,2024-01-25,2025-12-18,
324,Brandy Chavez,Grief & Loss,NY,2025-07-21,,active,True,44,39,5,0.8864,7298.429999999999,4775.569999999999,15.025641025641026,2024-06-10,2025-11-05,
325,Natalie Bautista,Trauma & PTSD,IL,2024-03-29,2025-07-09,churned,True,98,89,9,0.9082,16298.110000000006,10392.629999999997,15.101123595505618,2024-01-08,2025-12-29,467
326,Patrick Moore,Grief & Loss,FL,2025-02-23,,active,False,36,30,6,0.8333,6154.549999999999,3709.3600000000006,17.833333333333332,2024-08-06,2025-12-01,
327,Brett Burns,Substance Use,PA,2025-04-05,,active,True,26,23,3,0.8846,4560.97,2895.7400000000002,15.695652173913043,2024-01-16,2025-12-19,
328,Trevor Johnson,Trauma & PTSD,MA,2025-07-18,,active,True,66,62,4,0.9394,11136.949999999995,7421.739999999999,14.080645161290322,2024-02-04,2025-12-31,
329,Jeremy Sampson,Trauma & PTSD,TX,2024-02-26,,active,True,63,59,4,0.9365,10584.26,6984.509999999998,12.813559322033898,2024-03-05,2025-11-04,
330,Ariana Jennings,Child & Adolescent,NY,2024-11-26,,active,True,112,101,11,0.9018,19344.750000000007,12318.9,14.366336633663366,2024-03-17,2025-12-30,
331,Vanessa Howard,Child & Adolescent,MA,2024-09-13,,active,True,99,93,6,0.9394,16410.520000000004,10490.48,15.591397849462366,2024-05-24,2025-12-28,
332,Colton Martinez,Child & Adolescent,NY,2024-11-06,,active,True,46,42,4,0.913,8021.3,5228.280000000001,14.166666666666666,2024-02-08,2025-12-31,
333,Jordan Bates,Trauma & PTSD,IL,2025-08-17,,active,True,94,88,6,0.9362,16099.3,10725.559999999998,16.147727272727273,2024-02-02,2025-12-28,
334,Linda Smith,Substance Use,MA,2025-07-31,2025-10-02,churned,True,66,61,5,0.9242,10951.039999999999,7079.57,15.19672131147541,2024-06-08,2025-12-31,63
335,Dana Martinez,Child & Adolescent,PA,2025-08-08,,active,True,88,79,9,0.8977,14869.240000000002,9250.53,16.645569620253166,2024-01-13,2025-11-29,
336,Andrea Hubbard,Grief & Loss,GA,2025-07-12,,active,True,83,77,6,0.9277,13892.069999999994,8978.859999999997,14.844155844155845,2024-04-18,2025-12-29,
337,Daniel Kane,Grief & Loss,CA,2025-02-19,,active,False,29,25,4,0.8621,4957.6900000000005,2832.89,15.6,2024-01-12,2025-10-25,
338,Charles Lester,Anxiety & Stress,NY,2025-03-01,,active,True,86,80,6,0.9302,14396.740000000002,9414.419999999998,13.2625,2024-02-15,2025-12-28,
339,Scott Thomas,Trauma & PTSD,CA,2024-11-22,,active,True,113,102,11,0.9027,19037.069999999996,11961.76,13.107843137254902,2024-01-17,2025-12-30,
340,David Thompson,LGBTQ+ Affirming,NY,2025-01-14,,active,True,65,60,5,0.9231,11185.800000000001,7321.639999999999,16.466666666666665,2024-01-28,2025-12-20,
341,Allison Smith,Couples Therapy,FL,2024-09-30,,active,True,43,43,0,1.0,7623.119999999999,5430.469999999999,13.627906976744185,2024-03-08,2025-12-31,
342,Cynthia Morris,Anxiety & Stress,CA,2025-01-28,,active,True,103,95,8,0.9223,17418.44,11053.11,15.094736842105263,2024-02-11,2025-12-31,
343,Anthony Harmon,Trauma & PTSD,WA,2025-08-14,,active,True,80,74,6,0.925,13522.150000000009,8677.789999999999,15.702702702702704,2024-02-13,2025-12-16,
344,Nichole Alvarez,Trauma & PTSD,FL,2025-06-11,,active,True,76,73,3,0.9605,13080.949999999999,8695.439999999997,11.41095890410959,2024-02-27,2025-12-30,
345,Kayla Rodriguez,Grief & Loss,NY,2025-02-06,,active,True,31,27,4,0.871,5447.509999999999,3398.65,15.37037037037037,2024-03-08,2025-11-20,
346,Theresa Williams,Couples Therapy,IL,2024-02-19,2025-09-07,churned,True,105,98,7,0.9333,17877.289999999997,11542.55,14.561224489795919,2024-01-19,2025-09-08,566
347,Sharon Boyd,Grief & Loss,CA,2024-01-09,,active,True,35,34,1,0.9714,5919.75,4059.49,16.147058823529413,2024-01-30,2025-11-01,
348,Victor Brown,Child & Adolescent,NJ,2025-02-16,,active,True,124,119,5,0.9597,20880.500000000004,13999.710000000003,16.168067226890756,2024-02-17,2025-12-29,
349,James Parks,Couples Therapy,TX,2024-10-22,2025-09-05,churned,True,94,83,11,0.883,15812.579999999998,9563.65,13.710843373493976,2024-01-17,2025-12-30,318
350,Theodore Jones Jr.,Child & Adolescent,WA,2025-09-30,,active,True,99,91,8,0.9192,16600.56,10698.880000000001,13.263736263736265,2024-04-13,2025-12-19,
351,Ana Hill,Depression,TX,2024-12-13,,active,True,151,141,10,0.9338,25949.850000000006,17084.820000000007,15.326241134751774,2024-01-29,2025-12-29,
352,Kimberly Nguyen,Trauma & PTSD,CA,2025-06-05,,active,False,162,152,10,0.9383,27876.869999999988,17978.33000000001,15.598684210526315,2024-03-15,2025-12-31,
353,Kerry Chavez DDS,Anxiety & Stress,NY,2024-12-07,,active,True,143,130,13,0.9091,24018.569999999996,15262.679999999991,15.976923076923077,2024-02-07,2025-12-29,
354,Michael Farrell,Trauma & PTSD,IL,2025-06-11,,active,True,52,47,5,0.9038,8613.969999999998,5665.869999999999,15.148936170212766,2024-02-14,2025-04-04,
355,Patricia Le,Substance Use,NY,2025-09-23,,active,True,72,66,6,0.9167,12064.939999999999,7832.499999999999,15.257575757575758,2024-03-13,2025-12-15,
356,Jesse Perez,Substance Use,FL,2025-06-05,,active,True,64,58,6,0.9063,10704.98,6937.780000000002,14.879310344827585,2024-02-12,2025-11-20,
357,Jesse Perry,Child & Adolescent,FL,2024-01-18,,active,True,56,53,3,0.9464,9543.470000000001,6161.54,14.358490566037736,2024-04-04,2025-12-31,
358,Jeffery Ortega,LGBTQ+ Affirming,IL,2025-10-06,2025-12-20,churned,True,72,67,5,0.9306,12183.819999999996,7735.449999999999,16.119402985074625,2024-02-19,2025-12-22,75
359,Christian Leblanc,Couples Therapy,NJ,2025-08-20,,active,True,159,146,13,0.9182,27361.180000000004,17715.149999999998,13.554794520547945,2024-01-26,2025-12-27,
360,Ronald Davis,LGBTQ+ Affirming,NY,2025-11-28,,active,True,67,64,3,0.9552,11265.259999999995,7626.0099999999975,13.8125,2024-02-07,2025-12-01,
361,Parker Cain,Depression,CA,2025-03-27,,active,True,142,136,6,0.9577,23753.579999999994,15700.469999999998,15.154411764705882,2024-01-20,2025-12-31,
362,Laurie Hoffman,Couples Therapy,TX,2025-09-18,,active,True,45,44,1,0.9778,7336.650000000001,5205.52,13.318181818181818,2024-01-05,2025-12-29,
363,Bryan Gomez,Anxiety & Stress,PA,2025-06-15,,active,True,132,123,9,0.9318,22453.450000000008,14639.610000000008,14.390243902439025,2024-02-14,2025-12-24,
364,Nicole Parrish,Grief & Loss,FL,2024-11-17,,active,True,54,47,7,0.8704,8964.16,5547.859999999999,17.893617021276597,2024-05-06,2025-05-20,
365,Tracy Burke,Substance Use,FL,2025-11-23,,active,True,68,57,11,0.8382,11301.199999999999,6640.979999999999,15.403508771929825,2024-02-18,2025-12-25,
366,Kenneth Lewis,Child & Adolescent,IL,2024-07-15,,active,True,66,60,6,0.9091,11248.569999999998,7191.22,14.183333333333334,2024-01-28,2025-10-24,
367,Courtney Rodriguez,Child & Adolescent,CA,2024-10-31,,active,True,95,87,8,0.9158,16559.59,10554.24,15.045977011494253,2024-03-05,2025-12-31,
368,Holly Farmer,Grief & Loss,CA,2024-12-23,,active,True,93,88,5,0.9462,16118.280000000004,10715.440000000002,15.340909090909092,2024-03-05,2025-12-31,
369,Renee Bruce,Child & Adolescent,CA,2025-08-10,,active,True,97,79,18,0.8144,16853.54,9804.380000000003,14.772151898734178,2024-02-12,2025-12-30,
370,Sabrina Austin,LGBTQ+ Affirming,WA,2024-05-29,,active,True,25,24,1,0.96,4212.4,3007.9399999999996,14.25,2024-01-22,2025-12-31,
371,Allison Hickman,Depression,TX,2025-03-28,,active,True,91,86,5,0.9451,16121.589999999998,10670.45,13.069767441860465,2024-01-14,2025-12-25,
372,Debra White,Couples Therapy,CA,2025-07-05,,active,True,77,75,2,0.974,13213.500000000004,8999.399999999998,12.573333333333334,2024-05-01,2025-12-27,
373,Ellen Morgan,Child & Adolescent,NY,2025-09-22,,active,True,56,50,6,0.8929,9370.129999999997,5804.129999999999,15.64,2024-04-06,2025-10-04,
374,Sergio Knight,Anxiety & Stress,PA,2025-06-27,,active,True,123,115,8,0.935,21590.34999999999,13801.589999999993,16.252173913043478,2024-01-18,2025-12-23,
375,Charles Schultz,Depression,TX,2025-04-28,,active,True,113,105,8,0.9292,19092.960000000003,12562.299999999994,15.066666666666666,2024-01-24,2025-12-15,
376,Paul Lewis,Anxiety & Stress,CO,2024-06-10,,active,True,170,159,11,0.9353,28348.84,18691.229999999985,13.88679245283019,2024-04-01,2025-12-30,
377,Glen Wood,Grief & Loss,FL,2024-07-23,,active,True,13,12,1,0.9231,2215.0499999999997,1420.8199999999997,11.333333333333334,2025-01-19,2025-11-30,
378,Paula Bradley,Child & Adolescent,PA,2024-04-01,,active,True,84,76,8,0.9048,14197.019999999995,9063.829999999998,15.973684210526315,2024-02-09,2025-12-26,
379,Anthony Moore,Anxiety & Stress,GA,2024-06-28,,active,True,148,139,9,0.9392,25651.52999999999,17000.749999999996,14.323741007194245,2024-02-12,2025-12-25,
380,Megan Nelson,Anxiety & Stress,NC,2025-02-10,,active,True,101,92,9,0.9109,17034.899999999994,10725.259999999997,14.228260869565217,2024-02-17,2025-12-28,
381,Karla Ramos,Child & Adolescent,MA,2024-01-10,,active,True,87,80,7,0.9195,15200.489999999998,9856.869999999997,15.725,2024-01-22,2025-12-31,
382,Paul Wilson,Substance Use,CA,2025-10-18,,active,True,63,55,8,0.873,10531.609999999999,6672.149999999999,12.927272727272728,2024-01-23,2025-12-22,
383,Douglas Gregory,Trauma & PTSD,MA,2025-04-24,,active,True,77,69,8,0.8961,13157.940000000002,8458.729999999996,13.565217391304348,2024-01-21,2025-12-29,
384,Mr. Andrew Foster,Substance Use,NY,2025-04-14,,active,True,115,107,8,0.9304,19675.129999999997,12612.289999999995,15.336448598130842,2024-02-08,2025-11-30,
385,Aimee Turner,Anxiety & Stress,NJ,2024-10-29,,active,True,157,140,17,0.8917,26246.209999999992,16369.680000000004,15.485714285714286,2024-02-13,2025-12-31,
386,Chad Scott,Trauma & PTSD,IL,2025-10-16,,active,True,62,56,6,0.9032,10236.880000000003,6416.149999999997,15.589285714285714,2024-07-04,2025-12-29,
387,Adam Burgess,Substance Use,NY,2025-11-16,,active,True,64,57,7,0.8906,10942.080000000002,6713.140000000001,17.526315789473685,2024-03-02,2025-12-27,
388,James Padilla,Grief & Loss,CA,2024-09-11,2025-05-25,churned,True,50,45,5,0.9,8594.359999999999,5528.1,12.155555555555555,2024-01-19,2025-12-12,256
389,Sandra Drake,Child & Adolescent,CO,2024-11-05,,active,True,139,134,5,0.964,23646.219999999987,16043.669999999995,12.082089552238806,2024-03-24,2025-12-31,
390,Scott Williams,Child & Adolescent,PA,2024-08-29,2024-12-27,churned,True,38,35,3,0.9211,6596.810000000002,4163.099999999999,12.228571428571428,2024-04-20,2025-12-30,120
391,Thomas Atkins,Trauma & PTSD,TX,2025-05-29,,active,True,84,79,5,0.9405,14227.28,9348.719999999998,15.291139240506329,2024-04-17,2025-12-25,
392,Laura Mckinney,Child & Adolescent,PA,2025-10-16,,active,True,97,85,12,0.8763,16640.170000000002,10437.480000000001,16.141176470588235,2024-03-14,2025-12-30,
393,Brian Smith,Couples Therapy,CA,2024-05-16,,active,True,64,59,5,0.9219,10692.680000000004,6950.8,13.084745762711865,2024-01-18,2025-11-04,
394,Robert Montgomery,Substance Use,TX,2025-07-16,,active,True,54,46,8,0.8519,8923.769999999999,5298.460000000001,14.130434782608695,2024-02-29,2025-12-28,
395,Tamara Davis,Couples Therapy,NJ,2025-11-27,,active,True,35,29,6,0.8286,6083.500000000002,3559.7600000000007,16.896551724137932,2024-03-06,2025-12-25,
396,Dana Chapman,Depression,FL,2025-06-24,,active,False,174,159,15,0.9138,29818.330000000016,18645.45999999998,14.08805031446541,2024-03-08,2025-12-30,
397,Jennifer Collins,Depression,NY,2025-07-14,,active,True,178,161,17,0.9045,29976.65999999999,18494.39,13.701863354037267,2024-02-03,2025-12-30,
398,Gary Jackson,Trauma & PTSD,NY,2025-06-16,,active,True,99,89,10,0.899,16640.900000000005,10508.499999999998,16.651685393258425,2024-02-19,2025-12-31,
399,Ashley Hicks,Grief & Loss,NY,2025-06-06,,active,False,38,34,4,0.8947,6358.090000000001,4025.69,14.323529411764707,2024-02-17,2025-08-28,
400,Hannah Luna,Trauma & PTSD,FL,2025-04-12,,active,True,88,85,3,0.9659,15166.689999999995,10515.020000000002,14.117647058823529,2024-04-13,2025-12-31,
293,Jeremy Reed,Grief & Loss,IL,2024-01-17,,active,True,0,0,0,,0.0,0.0,,,,
